Sl No.,Sub division,Station Name,Contact No.
1,chennai,Triplicane,044 23452656
2,chennai,Anna Salai,044 23452662
3,chennai,Ice House,044 23452556
4,chennai,Marina,044 23452559
5,chennai,Anna Square,044 23452668
6,chennai,K.G. Hospital,044 23452671
7,chennai,Royapettah,044 23452675
8,chennai,Abiramapuram,044 23452682
9,chennai,Foreshore Estate,044 23452685
10,chennai,Govt. Hospital Royapettah,044 23452688
11,chennai,Chintadaripet,044 23452694
12,chennai,Egmore,044 23452697
13,chennai,Nungambakkam,044 23452700
14,chennai,Thousand Lights,044 23452703
15,chennai,Chetput,044 23452706
16,chennai,Vepery,044 23452709
17,chennai,Periamet,044 23452712
18,chennai,Kilpauk,044 23452715
19,chennai,Secretariat Colony,044 23452718
20,chennai,KMC Hospital,044 23452721
21,chennai,Kotturpuram,044 23452724
22,chennai,Ayanavaram,044 23452727
23,chennai,TP Chathiram,044 23452730
24,chennai,ICF,044 23452733
25,chennai,Choolaimedu,044 23452736
26,chennai,Washermenpet,044 23452548
27,chennai,MKB Nagar,044 23452550
28,chennai,Madras Port,044 23452553
29,chennai,Thiruvotriyur,044 23452555
30,chennai,Royapuram,044 23452560
31,chennai,Esplanade,044 23452563
32,chennai,Sowcarpet,044 23452565
33,chennai,Kalmandapam,044 23452570
34,chennai,Tondiarpet,044 23452573
35,chennai,R R Road,044 23452575
36,chennai,Elephant Gate,044 23452578
37,chennai,North Beach,044 23452580
38,chennai,Stanley,044 23452585
39,chennai,Velachery,044 23452787
40,chennai,Sembium,044 23452711
41,chennai,Aminjikarai,044 23452717
42,chennai,Anna Nagar,044 23452720
43,chennai,Peravallur,044 23452728
44,chennai,Arumbakkam,044 23452734
45,chennai,Thiru Vi Ka Nagar,044 23452737
46,chennai,Kodambakkam,044 23452616
47,chennai,Ashok Nagar,044 23452618
48,chennai,Pondy Bazaar,044 23452625
49,chennai,Virugambakkam,044 23452638
50,chennai,Kumaran Nagar,044 23452628
51,chennai,K.K. Nagar,044 23452631
52,chennai,Vadapalani,044 23452634
53,chennai,Sembium,044 23452711
54,chennai,Aminjikarai,044 23452717
55,chennai,Anna Nagar,044 23452720
56,chennai,Peravallur,044 23452728
57,chennai,Arumbakkam,044 23452734
58,chennai,Thiru Vi Ka Nagar,044 23452737
59,chennai,Pulianthope ,044 23452521
60,chennai,Otteri ,044 23452525
61,chennai,Vyasarpadi ,044 23452526
62,chennai,MKB Nagar,044 23452532
63,chennai,Kodungaiyur ,044 23452537
64,chennai,Avadi ,044 26554750
65,chennai,Villivakkam ,044 23452745
66,chennai,J J Nagar,044 23452748
67,chennai,Rajamangalam ,044 23452751
68,chennai,Thirumangalam ,044 23452754
69,Tirunelveli,Thatchanallur Police Station,0462-2560432
70,Tirunelveli,Tirunelveli Town Police Station,0462-2334844
71,Tirunelveli,Pettai Police Station,0462-2501444
72,Tirunelveli,Palayamkottai Police Station,0462-2571222
73,Tirunelveli,Perumalpuram Police Station,0462-2530175
74,Tirunelveli,Vallioor Police Station,04637-220256
75,Tirunelveli,Suthamalli Police Station,0462-2342625
76,Tirunelveli,Kallidaikurichi Police Station,04634-250404
77,Tirunelveli,Pappakudi Police Station,04634-274550
78,Tuticorin,Tuticorin Central Police Station,0461 232 1400
79,Tuticorin,Tuticorin North Police Station,0461 232 0071
80,Tuticorin,Thoothukudi South Police Station,0461 232 1850
81,Tuticorin,Muthiahpuram Police Station,
82,Tuticorin,Pudukottai Police Station,
83,Tuticorin,Thoothukudi All Women Police Station (AWPS),0461 233 7999
84,Tuticorin,Tuticorin Port Police Station,
85,Tuticorin,Ettayapuram Police Station,
86,Tuticorin,Kovilpatti Police Station,
87,Tuticorin,Kayathar Police Station,
88,Tuticorin,Tiruchendur Police Station,
89,Tuticorin,Arumuganeri Police Station,
90,Tuticorin,Sathankulam Police Station,
91,Tuticorin,Vilathikulam Police Station,
92,Chengalpattu,Chengalpattu Town Police Station,044-27424423
93,Chengalpattu,Chengalpattu Taluk Police Station,044-27424325
94,Chengalpattu,Thirukalukundram Police Station,044-27449666
95,Chengalpattu,Madurantakam Police Station,044-27555222
96,Chengalpattu,Tambaram Police Station,044-22385256
97,Chengalpattu,Peerkankaranai Police Station,044-22780421
98,Chengalpattu,Selaiyur Police Station,044-22385257
99,Chengalpattu,Maraimalai Nagar Police Station,044-27452838
100,Chengalpattu,G.S.T. Road Police Station,044-27452839
101,Chengalpattu,Singaperumal Koil Police Station,044-27452840
102,Chengalpattu,Vandalur Police Station,044-22781234
103,Chengalpattu,Mahabalipuram Police Station,044-27442220
104,Chengalpattu,Kovalam Police Station,044-27472314
105,Trichy,Cantonment Police Station,[Contact Number]
106,Trichy,Palakarai Police Station,044 2464 0050
107,Trichy,Trichy City Center Police Station,0431 241 3007
108,Trichy,All Women Police Station (AWPS) - Lalgudi,0431 - 2543063
109,Trichy,AWPS - Manapparai,04332 - 262644
110,Trichy,AWPS - Musiri,04326 - 260450
111,Trichy,AWPS - Thiruverambur,0431 - 2574221
112,Trichy,BHEL Police Station,0431-2571661
113,Trichy,District Crime Branch Inspector (DCB),0431-233639
114,Trichy,DCRB Inspector,0431 - 2333613
115,Trichy,Inamkulathur Police Station,0431-2695238
116,Trichy,Jeeyapuram Police Station,0431-2614350
117,Trichy,Kallakudi Police Station,04329-235238
118,Trichy,Kattuputhur Police Station,04326-250224
119,Trichy,Kollidam Police Station,0431-2591432
120,Trichy,Lalgudi Police Station,0431-2541229
121,Trichy,Manachanallur Police Station,0431-2560433
122,Trichy,Manapparai Police Station,04332-260532
123,Trichy,Manikandam Police Station,0431-2906676
124,Trichy,Musiri Police Station,04326-260350
125,Trichy,Navalpattu Police Station,0431-2581244
126,Trichy,Pulivalam Police Station,04327-235224
127,Trichy,Puthanatham Police Station,04332-273226
128,Trichy,Ramji Nagar Police Station,0431-2690464
129,kanyakumari,Agasteeswaram Police Station,
130,kanyakumari,Aralvaymozhi Police Station,
131,kanyakumari,Colachel Police Station,
132,kanyakumari,Enayam Police Station,
133,kanyakumari,Kanniyakumari Police Station,
134,kanyakumari,Kappiyaram Police Station,
135,kanyakumari,Nagercoil Police Station,
136,kanyakumari,Padmanabhapuram Police Station,
137,kanyakumari,Parvathipuram Police Station,
138,kanyakumari,Papanasam Police Station,
139,kanyakumari,Rajakkamangalam Police Station,
140,kanyakumari,Thengalpatnam Police Station,
141,kanyakumari,Thiruvattar Police Station,
142,kanyakumari,Vilavancode Police Station,
143,cuddalore,Cuddalore NT,04142-284356
144,cuddalore,Devanampattinam,04142-296166
145,cuddalore,Thiruppapuliyur,04142-235271
146,cuddalore,Cuddalore OT,04142-297681
147,cuddalore,Cuddalore Port,04142-297680
148,cuddalore,Reddichavadi,0413-2611171
149,cuddalore,Thukkanampakam,0413-2633877
150,cuddalore,"AWPS, Cuddalore",04142-284334
151,cuddalore,Chidambaram TN,04144-222377
152,cuddalore,Chidambaram TK,04144-222202
153,cuddalore,A.M. Nagar,04144-238203
154,cuddalore,Killai,04144-249228
155,cuddalore,Bhuvanagiri,04144-241244
156,cuddalore,Marudhur,04144-205225
157,cuddalore,Portonovo,04144-243224
158,cuddalore,Puduchathiram,04144-248229
159,cuddalore,AWPS/CDM,04144-222770
160,cuddalore,Vridhachalam,04143-238700
161,cuddalore,Kammapuram,04142-267233
162,cuddalore,K.V. Kurichi,04143-243100
163,cuddalore,Mangalampet,04143-244222
164,cuddalore,Aladi,04143-240500
165,cuddalore,Pennadam,04143-222218
166,cuddalore,AWPS/VDM,04143-238198
167,cuddalore,Neyveli Township,04142-252051
168,cuddalore,Neyveli Thermal,04142-257262
169,cuddalore,Mandharakuppam,04142-262258
170,cuddalore,U-Mangalam,04142-262225
171,cuddalore,Vadalur,04142-259233
172,cuddalore,Kurinjipadi,04142-258350
173,cuddalore,Kullanchavadi,04142-279233
174,cuddalore,AWPS/Neyveli,04142-228100
175,cuddalore,Sethiathope,04144-244241
176,cuddalore,Orathur,04144-257300
177,cuddalore,Srimushnam,04144-245227
178,cuddalore,Cholatharam,04144-246311
179,cuddalore,K.M. Koil,04144-262023
180,cuddalore,Puthur,04144-256222
181,cuddalore,Kumaratchi,04144-251222
182,cuddalore,"AWPS, STP",04144-244242
183,cuddalore,Panruti,04142-242025
184,cuddalore,Pudupet,04142-242026
185,cuddalore,Kadampuliyur,04142-249222
186,cuddalore,Muthandikuppam,04142-266338
187,cuddalore,Nellikuppam,04142-272355
188,cuddalore,Naduveerapattu,04142-275235
189,cuddalore,"AWPS, Panruti",04142-242023
190,cuddalore,Tittakudi,04143-255246
191,cuddalore,Avinangudi,04143-246226
192,cuddalore,Ramanatham,04143-257226
193,kanchipuram,Chengalpattu Town Police Station,044-27424423
194,kanchipuram,Chengalpattu Taluk Police Station,044-27424325
195,kanchipuram,Thirukalukundram Police Station,044-27449666
196,kanchipuram,Madurantakam Police Station,044-27555222
197,kanchipuram,Tambaram Police Station,044-22385256
198,kanchipuram,Peerkankaranai Police Station,044-22780421
199,kanchipuram,Selaiyur Police Station,044-22385257
200,kanchipuram,Maraimalai Nagar Police Station,044-27452838
201,kanchipuram,G.S.T. Road Police Station,044-27452839
202,kanchipuram,Singaperumal Koil Police Station,044-27452840
203,kanchipuram,Vandalur Police Station,044-22781234
204,kanchipuram,Mahabalipuram Police Station,044-27442220
205,kanchipuram,Kovalam Police Station,044-27472314
206,kanchipuram,Kunrattur Police Station,
207,kanchipuram,Chengalpattu Rural Police Station,
208,kanchipuram,Kilambakkam Police Station,
209,kanchipuram,Poondi Police Station,
210,kanchipuram,Kancheepuram Police Station,
211,kanchipuram,Sriperumbudur Police Station,
212,kanchipuram,Walajabad Police Station,
213,kanchipuram,Chengalpattu All Women Police Station (AWPS),
214,kanchipuram,Sriperumbudur All Women Police Station (AWPS),
215,kanchipuram,Walajabad All Women Police Station (AWPS),
216,thiruvallur,Thiruvallur Town Police Station,
217,thiruvallur,Thiruvallur Rural Police Station,
218,thiruvallur,Ponneri Police Station,
219,thiruvallur,Gummidipoondi Police Station,
220,thiruvallur,Tiruttani Police Station,
221,thiruvallur,Kadambur Police Station,
222,thiruvallur,Uthukottai Police Station,
223,thiruvallur,Poondi Police Station,
224,thiruvallur,Tiruvallur All Women Police Station (AWPS),
225,thiruvallur,Gummidipoondi All Women Police Station (AWPS),
226,thiruvallur,Tiruttani All Women Police Station (AWPS),
227,thiruvallur,Kadambur All Women Police Station (AWPS),
228,thiruvallur,Uthukottai All Women Police Station (AWPS),
229,thiruvallur,Poondi All Women Police Station (AWPS),
230,thiruvallur,Thiruvallur Traffic Police,
231,thiruvallur,Gummidipoondi Traffic Police,
232,thiruvallur,Tiruttani Traffic Police,
233,thiruvallur,Kadambur Traffic Police,
234,thiruvallur,Uthukottai Traffic Police,
235,thiruvallur,Poondi Traffic Police,
236,vellore,Vellore Town Police Station,
237,vellore,Vellore Rural Police Station,
238,vellore,Ranipet Police Station,
239,vellore,Arcot Police Station,
240,vellore,Wallajahpet Police Station,
241,vellore,Tirupathur Police Station,
242,vellore,Ambur Police Station,
243,vellore,Natrampalli Police Station,
244,vellore,Gudiyatham Police Station,
245,vellore,Vaniyambadi Police Station,
246,vellore,Katpadi Police Station,
247,vellore,Anakkur Police Station,
248,vellore,Nemili Police Station,
249,vellore,Odugattur Police Station,
250,vellore,Pallikonda Police Station,
251,vellore,Vallam Police Station,
252,vellore,Vellore All Women Police Station (AWPS),
253,vellore,Ranipet All Women Police Station (AWPS),
254,vellore,Arcot All Women Police Station (AWPS),
255,vellore,Wallajahpet All Women Police Station (AWPS),
256,vellore,Tirupathur All Women Police Station (AWPS),
257,vellore,Ambur All Women Police Station (AWPS),
258,vellore,Natrampalli All Women Police Station (AWPS),
259,vellore,Gudiyatham All Women Police Station (AWPS),
260,vellore,Vaniyambadi All Women Police Station (AWPS),
261,vellore,Katpadi All Women Police Station (AWPS),
262,vellore,Anakkur All Women Police Station (AWPS),
263,vellore,Nemili All Women Police Station (AWPS),
264,vellore,Odugattur All Women Police Station (AWPS),
265,vellore,Pallikonda All Women Police Station (AWPS),
266,vellore,Vallam All Women Police Station (AWPS),
267,thiruvannamalai,Thiruvannamalai Town Police Station,
268,thiruvannamalai,Thiruvannamalai Rural Police Station,
269,thiruvannamalai,Chengam Police Station,
270,thiruvannamalai,Polur Police Station,
271,thiruvannamalai,Andimadam Police Station,
272,thiruvannamalai,Cheyyar Police Station,
273,thiruvannamalai,Thaniyambadi Police Station,
274,thiruvannamalai,Arani Police Station,
275,thiruvannamalai,Kil Pennathur Police Station,
276,thiruvannamalai,Kalasapakkam Police Station,
277,thiruvannamalai,Puliyur Police Station,
278,thiruvannamalai,Sathanur Police Station,
279,thiruvannamalai,Thandalam Police Station,
280,thiruvannamalai,Thennar Police Station,
281,thiruvannamalai,Vallimalai Police Station,
282,thiruvannamalai,Vandavasi Police Station,
283,thiruvannamalai,Vellore Police Station,
284,thiruvannamalai,Thiruvannamalai All Women Police Station (AWPS),
285,thiruvannamalai,Chengam All Women Police Station (AWPS),
286,thiruvannamalai,Polur All Women Police Station (AWPS),
287,thiruvannamalai,Andimadam All Women Police Station (AWPS),
288,thiruvannamalai,Cheyyar All Women Police Station (AWPS),
289,thiruvannamalai,Thaniyambadi All Women Police Station (AWPS),
290,thiruvannamalai,Arani All Women Police Station (AWPS),
291,thiruvannamalai,Kil Pennathur All Women Police Station (AWPS),
292,thiruvannamalai,Kalasapakkam All Women Police Station (AWPS),
293,thiruvannamalai,Puliyur All Women Police Station (AWPS),
294,thiruvannamalai,Sathanur All Women Police Station (AWPS),
295,thiruvannamalai,Thandalam All Women Police Station (AWPS),
296,thiruvannamalai,Thennar All Women Police Station (AWPS),
297,thiruvannamalai,Vallimalai All Women Police Station (AWPS),
298,thiruvannamalai,Vandavasi All Women Police Station (AWPS),
299,thiruvannamalai,Vellore All Women Police Station (AWPS),
300,villupuram,Villupuram Town Police Station,
301,villupuram,Villupuram Rural Police Station,
302,villupuram,Chidambaram Police Station,
303,villupuram,Kattumannarkoil Police Station,
304,villupuram,Kurinjipadi Police Station,
305,villupuram,Mangalur Police Station,
306,villupuram,Neyveli Police Station,
307,villupuram,Panruti Police Station,
308,villupuram,Perambalur Police Station,
309,villupuram,Puducherry Police Station,
310,villupuram,Thittaimedu Police Station,
311,villupuram,Tirupadalar Police Station,
312,villupuram,Tirupathur Police Station,
313,villupuram,Tiruvannamalai Police Station,
314,villupuram,Vadalur Police Station,
315,villupuram,Virudhachalam Police Station,
316,villupuram,Melmaruvathur Police Station,
317,villupuram,Vanur Police Station,
318,villupuram,Gingee Police Station,
319,villupuram,Tindivanam Police Station,
320,villupuram,Kil Pennathur Police Station,
321,villupuram,Kalasapakkam Police Station,
322,villupuram,Puliyur Police Station,
323,villupuram,Sathanur Police Station,
324,villupuram,Thandalam Police Station,
325,villupuram,Thennar Police Station,
326,villupuram,Vallimalai Police Station,
327,villupuram,Vandavasi Police Station,
328,villupuram,Vellore Police Station,
329,villupuram,Villupuram All Women Police Station (AWPS),
330,villupuram,Chidambaram All Women Police Station (AWPS),
331,villupuram,Kattumannarkoil All Women Police Station (AWPS),
332,villupuram,Kurinjipadi All Women Police Station (AWPS),
333,villupuram,Mangalur All Women Police Station (AWPS),
334,villupuram,Neyveli All Women Police Station (AWPS),
335,villupuram,Panruti All Women Police Station (AWPS),
336,villupuram,Perambalur All Women Police Station (AWPS),
337,villupuram,Puducherry All Women Police Station (AWPS),
338,villupuram,Thittaimedu All Women Police Station (AWPS),
339,villupuram,Tirupadalar All Women Police Station (AWPS),
340,villupuram,Tirupathur All Women Police Station (AWPS),
341,villupuram,Tiruvannamalai All Women Police Station (AWPS),
342,villupuram,Vadalur All Women Police Station (AWPS),
343,villupuram,Virudhachalam All Women Police Station (AWPS),
344,villupuram,Melmaruvathur All Women Police Station (AWPS),
345,villupuram,Vanur All Women Police Station (AWPS),
346,villupuram,Gingee All Women Police Station (AWPS),
347,villupuram,Tindivanam All Women Police Station (AWPS),
348,perambalur,Perambalur Town Police Station,
349,perambalur,Perambalur Rural Police Station,
350,perambalur,Ariyalur Police Station,
351,perambalur,Kulathur Police Station,
352,perambalur,Thottiam Police Station,
353,perambalur,Veppur Police Station,
354,perambalur,Tiruchiyur Police Station,
355,perambalur,Perambalur All Women Police Station (AWPS),
356,perambalur,Ariyalur All Women Police Station (AWPS),
357,perambalur,Kulathur All Women Police Station (AWPS),
358,perambalur,Thottiam All Women Police Station (AWPS),
359,perambalur,Veppur All Women Police Station (AWPS),
360,perambalur,Tiruchiyur All Women Police Station (AWPS),
361,ariyalur,Ariyalur Town Police Station,
362,ariyalur,Ariyalur Rural Police Station,
363,ariyalur,Perambalur Police Station,
364,ariyalur,Kulathur Police Station,
365,ariyalur,Thottiam Police Station,
366,ariyalur,Veppur Police Station,
367,ariyalur,Tiruchiyur Police Station,
368,ariyalur,Ariyalur All Women Police Station (AWPS),
369,ariyalur,Perambalur All Women Police Station (AWPS),
370,ariyalur,Kulathur All Women Police Station (AWPS),
371,ariyalur,Thottiam All Women Police Station (AWPS),
372,ariyalur,Veppur All Women Police Station (AWPS),
373,ariyalur,Tiruchiyur All Women Police Station (AWPS),
374,karur,Karur Town Police Station,
375,karur,Karur Rural Police Station,
376,karur,Aravakurichi Police Station,
377,karur,Krishnarajapuram Police Station,
378,karur,Kulithalai Police Station,
379,karur,Sengappalli Police Station,
380,karur,Sivaganga Police Station,
381,karur,Manikandam Police Station,
382,karur,Palayampatti Police Station,
383,karur,Thottiapatti Police Station,
384,karur,Velur Police Station,
385,karur,Karur All Women Police Station (AWPS),
386,karur,Aravakurichi All Women Police Station (AWPS),
387,karur,Krishnarajapuram All Women Police Station (AWPS),
388,karur,Kulithalai All Women Police Station (AWPS),
389,karur,Sengappalli All Women Police Station (AWPS),
390,karur,Sivaganga All Women Police Station (AWPS),
391,karur,Manikandam All Women Police Station (AWPS),
392,karur,Palayampatti All Women Police Station (AWPS),
393,karur,Thottiapatti All Women Police Station (AWPS),
394,karur,Velur All Women Police Station (AWPS),
395,pudukottai,Pudukottai Town Police Station,
396,pudukottai,Pudukottai Rural Police Station,
397,pudukottai,Alangudi Police Station,
398,pudukottai,Aranthangi Police Station,
399,pudukottai,Keeranur Police Station,
400,pudukottai,Karambakudi Police Station,
401,pudukottai,Kattumannarkoil Police Station,
402,pudukottai,Kotturpattinam Police Station,
403,pudukottai,Kurinjipadi Police Station,
404,pudukottai,Mangalur Police Station,
405,pudukottai,Neyveli Police Station,
406,pudukottai,Panruti Police Station,
407,pudukottai,Perambalur Police Station,
408,pudukottai,Puducherry Police Station,
409,pudukottai,Thittaimedu Police Station,
410,pudukottai,Tirupadalar Police Station,
411,pudukottai,Tirupathur Police Station,
412,pudukottai,Tiruvannamalai Police Station,
413,pudukottai,Vadalur Police Station,
414,pudukottai,Virudhachalam Police Station,
415,pudukottai,Melmaruvathur Police Station,
416,pudukottai,Vanur Police Station,
417,pudukottai,Gingee Police Station,
418,pudukottai,Tindivanam Police Station,
419,pudukottai,Kil Pennathur Police Station,
420,pudukottai,Kalasapakkam Police Station,
421,pudukottai,Puliyur Police Station,
422,pudukottai,Sathanur Police Station,
423,pudukottai,Thandalam Police Station,
424,pudukottai,Thennar Police Station,
425,pudukottai,Vallimalai Police Station,
426,pudukottai,Vandavasi Police Station,
427,pudukottai,Vellore Police Station,
428,pudukottai,Pudukottai All Women Police Station (AWPS),
429,pudukottai,Alangudi All Women Police Station (AWPS),
430,pudukottai,Aranthangi All Women Police Station (AWPS),
431,pudukottai,Keeranur All Women Police Station (AWPS),
432,pudukottai,Karambakudi All Women Police Station (AWPS),
433,pudukottai,Kattumannarkoil All Women Police Station (AWPS),
434,pudukottai,Kotturpattinam All Women Police Station (AWPS),
435,pudukottai,Kurinjipadi All Women Police Station (AWPS),
436,pudukottai,Mangalur All Women Police Station (AWPS),
437,pudukottai,Neyveli All Women Police Station (AWPS),
438,pudukottai,Panruti All Women Police Station (AWPS),
439,pudukottai,Perambalur All Women Police Station (AWPS),
440,pudukottai,Puducherry All Women Police Station (AWPS),
441,pudukottai,Thittaimedu All Women Police Station (AWPS),
442,pudukottai,Tirupadalar All Women Police Station (AWPS),
443,pudukottai,Tirupathur All Women Police Station (AWPS),
444,pudukottai,Tiruvannamalai All Women Police Station (AWPS),
445,pudukottai,Vadalur All Women Police Station (AWPS),
446,pudukottai,Virudhachalam All Women Police Station (AWPS),
447,pudukottai,Melmaruvathur All Women Police Station (AWPS),
448,pudukottai,Vanur All Women Police Station (AWPS),
449,pudukottai,Gingee All Women Police Station (AWPS),
450,pudukottai,Tindivanam All Women Police Station (AWPS),
451,tanjore,Tanjore Town Police Station,
452,tanjore,Tanjore Rural Police Station,
453,tanjore,Orathanadu Police Station,
454,tanjore,Pattukkottai Police Station,
455,tanjore,Kumbakonam Police Station,
456,tanjore,Tiruvidaimarudur Police Station,
457,tanjore,Adhiramanallur Police Station,
458,tanjore,Ammayapuram Police Station,
459,tanjore,Ilayankudi Police Station,
460,tanjore,Kallanai Police Station,
461,tanjore,Mannargudi Police Station,
462,tanjore,Mayiladuthurai Police Station,
463,tanjore,Papanasam Police Station,
464,tanjore,Peravurani Police Station,
465,tanjore,Sirkazhi Police Station,
466,tanjore,Thanjavur All Women Police Station (AWPS),
467,tanjore,Orathanadu All Women Police Station (AWPS),
468,tanjore,Pattukkottai All Women Police Station (AWPS),
469,tanjore,Kumbakonam All Women Police Station (AWPS),
470,tanjore,Tiruvidaimarudur All Women Police Station (AWPS),
471,tanjore,Adhiramanallur All Women Police Station (AWPS),
472,tanjore,Ammayapuram All Women Police Station (AWPS),
473,tanjore,Ilayankudi All Women Police Station (AWPS),
474,tanjore,Kallanai All Women Police Station (AWPS),
475,tanjore,Mannargudi All Women Police Station (AWPS),
476,tanjore,Mayiladuthurai All Women Police Station (AWPS),
477,tanjore,Papanasam All Women Police Station (AWPS),
478,tanjore,Peravurani All Women Police Station (AWPS),
479,tanjore,Sirkazhi All Women Police Station (AWPS),
480,nagapattinam,Nagapattinam Town Police Station,
481,nagapattinam,Nagapattinam Rural Police Station,
482,nagapattinam,Tharangambadi Police Station,
483,nagapattinam,Vedaranyam Police Station,
484,nagapattinam,Sembanarkoil Police Station,
485,nagapattinam,Kilvelur Police Station,
486,nagapattinam,Velankanni Police Station,
487,nagapattinam,Nagapattinam All Women Police Station (AWPS),
488,nagapattinam,Tharangambadi All Women Police Station (AWPS),
489,nagapattinam,Vedaranyam All Women Police Station (AWPS),
490,nagapattinam,Sembanarkoil All Women Police Station (AWPS),
491,nagapattinam,Kilvelur All Women Police Station (AWPS),
492,nagapattinam,Velankanni All Women Police Station (AWPS),
493,thiruvarur,Thiruvarur Town Police Station,
494,thiruvarur,Thiruvarur Rural Police Station,
495,thiruvarur,Mannargudi Police Station,
496,thiruvarur,Nidamangalam Police Station,
497,thiruvarur,Keeranur Police Station,
498,thiruvarur,Nannilam Police Station,
499,thiruvarur,Vallam Police Station,
500,thiruvarur,Thiruvarur All Women Police Station (AWPS),
501,thiruvarur,Mannargudi All Women Police Station (AWPS),
502,thiruvarur,Nidamangalam All Women Police Station (AWPS),
503,thiruvarur,Keeranur All Women Police Station (AWPS),
504,thiruvarur,Nannilam All Women Police Station (AWPS),
505,thiruvarur,Vallam All Women Police Station (AWPS),
506,coimbatore,R.S. Puram Police Station,
507,coimbatore,Ukkadam Police Station,
508,coimbatore,Variety Hall Road Police Station,
509,coimbatore,Bazaar Police Station,
510,coimbatore,R.S. Puram All Women Police Station,
511,coimbatore,Ramanathapuram All Women Police Station,
512,coimbatore,Saravanapatti Police Station,
513,coimbatore,Peelamedu Police Station,
514,coimbatore,Singanallur Police Station,
515,coimbatore,Gandhipuram All Women Police Station,
516,coimbatore,Race Course Police Station,
517,coimbatore,Saibaba Colony Police Station,
518,coimbatore,Rathinapuri Police Station,
519,coimbatore,Kattur Police Station,
520,coimbatore,Selvapuram Police Station,
521,coimbatore,Uniamuthur Police Station,
522,coimbatore,Podanur Police Station,
523,coimbatore,Ramanathapuram Police Station,
524,coimbatore,Thondamuthur Police Station,
525,coimbatore,Thudiyalur Police Station,
526,coimbatore,Town West Police Station,
527,coimbatore,Vadakipalyam Police Station,
528,coimbatore,Valparai Police Station,
529,coimbatore,Alandurai Police Station,
530,coimbatore,Aliyur Police Station,
531,coimbatore,Anamalai Police Station,
532,coimbatore,Annur Police Station,
533,coimbatore,Chettipalayam Police Station,
534,coimbatore,Gomangalam Police Station,
535,coimbatore,KG Chavadi Police Station,
536,coimbatore,Kadamparai Police Station,
537,coimbatore,Karamadai Police Station,
538,coimbatore,Karanya Nagar Police Station,
539,coimbatore,Kinathukadavu Police Station,
540,coimbatore,Komangalam Police Station,
541,coimbatore,Kovilpalyam Police Station,
542,coimbatore,Madukarai Police Station,
543,coimbatore,Mettupalyam Police Station,
544,coimbatore,Negamam Police Station,
545,coimbatore,Periyanayakampallayam Police Station,
546,erode,Erode Town Police Station,
547,erode,Erode Rural Police Station,
548,erode,Bhavani Sagar Police Station,
549,erode,Bhavani Police Station,
550,erode,Gobichettipalayam Police Station,
551,erode,Perundurai Police Station,
552,erode,Sathyamangalam Police Station,
553,erode,Chennimalai Police Station,
554,erode,Anthiyur Police Station,
555,erode,Nallampalli Police Station,
556,erode,Piravom Police Station,
557,erode,Veerapandi Police Station,
558,erode,Erode All Women Police Station (AWPS),
559,erode,Bhavani Sagar All Women Police Station (AWPS),
560,erode,Bhavani All Women Police Station (AWPS),
561,erode,Gobichettipalayam All Women Police Station (AWPS),
562,erode,Perundurai All Women Police Station (AWPS),
563,erode,Sathyamangalam All Women Police Station (AWPS),
564,erode,Chennimalai All Women Police Station (AWPS),
565,erode,Anthiyur All Women Police Station (AWPS),
566,erode,Nallampalli All Women Police Station (AWPS),
567,erode,Piravom All Women Police Station (AWPS),
568,erode,Veerapandi All Women Police Station (AWPS),
569,tiruppur,Tiruppur Town Police Station,
570,tiruppur,Tiruppur Rural Police Station,
571,tiruppur,Palladam Police Station,
572,tiruppur,Udumalpet Police Station,
573,tiruppur,Dharapuram Police Station,
574,tiruppur,Tiruppur All Women Police Station (AWPS),
575,tiruppur,Palladam All Women Police Station (AWPS),
576,tiruppur,Udumalpet All Women Police Station (AWPS),
577,tiruppur,Dharapuram All Women Police Station (AWPS),
578,nilgiris,Ooty Town Police Station,
579,nilgiris,Ooty Rural Police Station,
580,nilgiris,Coonoor Police Station,
581,nilgiris,Gudalur Police Station,
582,nilgiris,Pandalur Police Station,
583,nilgiris,Kotagiri Police Station,
584,nilgiris,Devala Police Station,
585,nilgiris,Glenmorgan Police Station,
586,nilgiris,Emerald Police Station,
587,nilgiris,Ooty All Women Police Station (AWPS),
588,nilgiris,Coonoor All Women Police Station (AWPS),
589,nilgiris,Gudalur All Women Police Station (AWPS),
590,nilgiris,Pandalur All Women Police Station (AWPS),
591,nilgiris,Kotagiri All Women Police Station (AWPS),
592,nilgiris,Devala All Women Police Station (AWPS),
593,nilgiris,Glenmorgan All Women Police Station (AWPS),
594,nilgiris,Emerald All Women Police Station (AWPS),
595,salem,Salem Town Police Station,
596,salem,Salem Rural Police Station,
597,salem,Mettur Police Station,
598,salem,Omalur Police Station,
599,salem,Attur Police Station,
600,salem,Yercaud Police Station,
601,salem,Namakkal Police Station,
602,salem,Tiruchengode Police Station,
603,salem,Sankari Police Station,
604,salem,Rasipuram Police Station,
605,salem,Chengam Police Station,
606,salem,Salem All Women Police Station (AWPS),
607,salem,Mettur All Women Police Station (AWPS),
608,salem,Omalur All Women Police Station (AWPS),
609,salem,Attur All Women Police Station (AWPS),
610,salem,Yercaud All Women Police Station (AWPS),
611,salem,Namakkal All Women Police Station (AWPS),
612,salem,Tiruchengode All Women Police Station (AWPS),
613,salem,Sankari All Women Police Station (AWPS),
614,salem,Rasipuram All Women Police Station (AWPS),
615,salem,Chengam All Women Police Station (AWPS),
616,namakkal,Namakkal Town Police Station,
617,namakkal,Namakkal Rural Police Station,
618,namakkal,Rasipuram Police Station,
619,namakkal,Tiruchengode Police Station,
620,namakkal,Sankari Police Station,
621,namakkal,Salem Police Station,
622,namakkal,Mettur Police Station,
623,namakkal,Omalur Police Station,
624,namakkal,Attur Police Station,
625,namakkal,Yercaud Police Station,
626,namakkal,Namakkal All Women Police Station (AWPS),
627,namakkal,Rasipuram All Women Police Station (AWPS),
628,namakkal,Tiruchengode All Women Police Station (AWPS),
629,namakkal,Sankari All Women Police Station (AWPS),
630,namakkal,Salem All Women Police Station (AWPS),
631,namakkal,Mettur All Women Police Station (AWPS),
632,namakkal,Omalur All Women Police Station (AWPS),
633,namakkal,Attur All Women Police Station (AWPS),
634,namakkal,Yercaud All Women Police Station (AWPS),
635,dharmapuri,Dharmapuri Town Police Station,
636,dharmapuri,Dharmapuri Rural Police Station,
637,dharmapuri,Harur Police Station,
638,dharmapuri,Palacode Police Station,
639,dharmapuri,Kurinjipadi Police Station,
640,dharmapuri,Pennagaram Police Station,
641,dharmapuri,Pappireddipatti Police Station,
642,dharmapuri,Natrampalli Police Station,
643,dharmapuri,Hosur Police Station,
644,dharmapuri,Krishnagiri Police Station,
645,dharmapuri,Uthangarai Police Station,
646,dharmapuri,Dharmapuri All Women Police Station (AWPS),
647,dharmapuri,Harur All Women Police Station (AWPS),
648,dharmapuri,Palacode All Women Police Station (AWPS),
649,dharmapuri,Kurinjipadi All Women Police Station (AWPS),
650,dharmapuri,Pennagaram All Women Police Station (AWPS),
651,dharmapuri,Pappireddipatti All Women Police Station (AWPS),
652,dharmapuri,Natrampalli All Women Police Station (AWPS),
653,dharmapuri,Hosur All Women Police Station (AWPS),
654,dharmapuri,Krishnagiri All Women Police Station (AWPS),
655,dharmapuri,Uthangarai All Women Police Station (AWPS),
656,krishnagiri,Krishnagiri Town Police Station,
657,krishnagiri,Krishnagiri Rural Police Station,
658,krishnagiri,Hosur Police Station,
659,krishnagiri,Uthangarai Police Station,
660,krishnagiri,Barur Police Station,
661,krishnagiri,Kelamangalam Police Station,
662,krishnagiri,Vaniyambadi Police Station,
663,krishnagiri,Thally Police Station,
664,krishnagiri,Kaveripattinam Police Station,
665,krishnagiri,Shoolagiri Police Station,
666,krishnagiri,Kollegal Police Station,
667,krishnagiri,Krishnagiri All Women Police Station (AWPS),
668,krishnagiri,Hosur All Women Police Station (AWPS),
669,krishnagiri,Uthangarai All Women Police Station (AWPS),
670,krishnagiri,Barur All Women Police Station (AWPS),
671,krishnagiri,Kelamangalam All Women Police Station (AWPS),
672,krishnagiri,Vaniyambadi All Women Police Station (AWPS),
673,krishnagiri,Thally All Women Police Station (AWPS),
674,krishnagiri,Kaveripattinam All Women Police Station (AWPS),
675,krishnagiri,Shoolagiri All Women Police Station (AWPS),
676,krishnagiri,Kollegal All Women Police Station (AWPS),
677,madurai,Madurai Town All Women Police Station,
678,madurai,Jaihindpuram Police Station,
679,madurai,South Gate/ Town South Police Station,
680,madurai,Vilakhuthoon/ Madurai Town Central Police Station,
681,madurai,Sri.Meenakshi Amman Temple Police Station,
682,madurai,Theppakulam/town West Police Station,
683,madurai,Karimedu Police Station,
684,madurai,Bazaar Police Station,
685,madurai,Koodal Pudur Police Station,
686,madurai,South Chitirai Street Police Station,
687,madurai,Thidirnagar Police Station,
688,madurai,Teppakulam Police Station,
689,madurai,Town Hall Police Station,
690,madurai,B1 Police Station,
691,madurai,Anna Nagar Police Station,
692,madurai,Thilagar Thidal Police Station,
693,madurai,Thallakulam Police Station,
694,madurai,Thirupparankundram Police Station,
695,madurai,Sellur Police Station,
696,madurai,Madurai West Police Station,
697,madurai,Madurai Central Police Station,
698,madurai,Madurai East Police Station,
699,madurai,Madurai North Police Station,
700,madurai,Madurai South Police Station,
701,madurai,Madurai North West Police Station,
702,madurai,Madurai South West Police Station,
703,madurai,Madurai South East Police Station,
704,madurai,Madurai North East Police Station,
705,virudhunagar,Virudhunagar Town Police Station,
706,virudhunagar,Virudhunagar Rural Police Station,
707,virudhunagar,Sivakasi Police Station,
708,virudhunagar,Rajapalayam Police Station,
709,virudhunagar,Sattur Police Station,
710,virudhunagar,Aruppukottai Police Station,
711,virudhunagar,Srivilliputhur Police Station,
712,virudhunagar,Watrap Police Station,
713,virudhunagar,Kudalur Police Station,
714,virudhunagar,Reddiarchatram Police Station,
715,virudhunagar,Alagapuram Police Station,
716,virudhunagar,Sivakasi All Women Police Station (AWPS),
717,virudhunagar,Rajapalayam All Women Police Station (AWPS),
718,virudhunagar,Sattur All Women Police Station (AWPS),
719,virudhunagar,Aruppukottai All Women Police Station (AWPS),
720,virudhunagar,Srivilliputhur All Women Police Station (AWPS),
721,virudhunagar,Watrap All Women Police Station (AWPS),
722,virudhunagar,Kudalur All Women Police Station (AWPS),
723,virudhunagar,Reddiarchatram All Women Police Station (AWPS),
724,virudhunagar,Alagapuram All Women Police Station (AWPS),
725,dindigul,Dindigul Town Police Station,
726,dindigul,Dindigul Rural Police Station,
727,dindigul,Palani Police Station,
728,dindigul,Oddanchatram Police Station,
729,dindigul,Batlagundu Police Station,
730,dindigul,Nilakottai Police Station,
731,dindigul,Vadamadurai Police Station,
732,dindigul,Natham Police Station,
733,dindigul,Kodaikanal Police Station,
734,dindigul,Thalaivaasal Police Station,
735,dindigul,Vadipatti Police Station,
736,dindigul,Reddiyarchatram Police Station,
737,dindigul,Alagapuram Police Station,
738,dindigul,Dindigul All Women Police Station (AWPS),
739,dindigul,Palani All Women Police Station (AWPS),
740,dindigul,Oddanchatram All Women Police Station (AWPS),
741,dindigul,Batlagundu All Women Police Station (AWPS),
742,dindigul,Nilakottai All Women Police Station (AWPS),
743,dindigul,Vadamadurai All Women Police Station (AWPS),
744,dindigul,Natham All Women Police Station (AWPS),
745,dindigul,Kodaikanal All Women Police Station (AWPS),
746,dindigul,Thalaivaasal All Women Police Station (AWPS),
747,dindigul,Vadipatti All Women Police Station (AWPS),
748,dindigul,Reddiyarchatram All Women Police Station (AWPS),
749,dindigul,Alagapuram All Women Police Station (AWPS),
750,theni,Theni Town Police Station,
751,theni,Theni Rural Police Station,
752,theni,Bodinayakanur Police Station,
753,theni,Andipatti Police Station,
754,theni,Cumbum Police Station,
755,theni,Periyakulam Police Station,
756,theni,Usilampatti Police Station,
757,theni,Chinnalapatti Police Station,
758,theni,Theni All Women Police Station (AWPS),
759,theni,Bodinayakanur All Women Police Station (AWPS),
760,theni,Andipatti All Women Police Station (AWPS),
761,theni,Cumbum All Women Police Station (AWPS),
762,theni,Periyakulam All Women Police Station (AWPS),
763,theni,Usilampatti All Women Police Station (AWPS),
764,theni,Chinnalapatti All Women Police Station (AWPS),
765,ramanadhapuram,Ramanathapuram Town Police Station,
766,ramanadhapuram,Ramanathapuram Rural Police Station,
767,ramanadhapuram,Paramakudi Police Station,
768,ramanadhapuram,Mudukulathur Police Station,
769,ramanadhapuram,Kamuthi Police Station,
770,ramanadhapuram,Sivaganga Police Station,
771,ramanadhapuram,Manamadurai Police Station,
772,ramanadhapuram,Paramakudi All Women Police Station (AWPS),
773,ramanadhapuram,Mudukulathur All Women Police Station (AWPS),
774,ramanadhapuram,Kamuthi All Women Police Station (AWPS),
775,ramanadhapuram,Sivaganga All Women Police Station (AWPS),
776,ramanadhapuram,Manamadurai All Women Police Station (AWPS),
777,sivagangai,Sivaganga Town Police Station,
778,sivagangai,Sivaganga Rural Police Station,
779,sivagangai,Karaikudi Police Station,
780,sivagangai,Devakottai Police Station,
781,sivagangai,Ilayangudi Police Station,
782,sivagangai,Manamadurai Police Station,
783,sivagangai,Singampuneri Police Station,
784,sivagangai,Thirupuvanam Police Station,
785,sivagangai,Sivaganga All Women Police Station (AWPS),
786,sivagangai,Karaikudi All Women Police Station (AWPS),
787,sivagangai,Devakottai All Women Police Station (AWPS),
788,sivagangai,Ilayangudi All Women Police Station (AWPS),
789,sivagangai,Manamadurai All Women Police Station (AWPS),
790,sivagangai,Singampuneri All Women Police Station (AWPS),
791,sivagangai,Thirupuvanam All Women Police Station (AWPS),
